run_name	tier	method	proxy_name	layer_set	head_reduce	sym	threshold	green_bias	yellow_bias	tau	green_conf_eff	yellow_conf_eff	flex_em	avg_forward_pass	efficiency	out_dir
v13_conservative_qk_softmax_lsearly_mid_late_hrmax_symmax_th0p4	conservative	proxy_qk	qk_softmax	early_mid_late	max	max	0.4	0.42	0.34	0.0010	0.42	0.24	0.565	229.215	0.0024649346683244984	out/prob_gyr_limit200_qkv_sweep_llada_alltiers_gpu1_gsm8k_limit200/conservative/gsm8k_cot/v13_conservative_qk_softmax_lsearly_mid_late_hrmax_symmax_th0p4
v13_balanced_qk_softmax_lsearly_mid_late_hrmax_symmax_th0p4	balanced	proxy_qk	qk_softmax	early_mid_late	max	max	0.4	0.38	0.30	0.0014	0.38	0.2	0.545	205.72	0.0026492319657787284	out/prob_gyr_limit200_qkv_sweep_llada_alltiers_gpu1_gsm8k_limit200/balanced/gsm8k_cot/v13_balanced_qk_softmax_lsearly_mid_late_hrmax_symmax_th0p4
v13_progressive_qk_softmax_lsearly_mid_late_hrmax_symmax_th0p4	progressive	proxy_qk	qk_softmax	early_mid_late	max	max	0.4	0.35	0.27	0.0018	0.35	0.17	0.505	189.18	0.0026694153716037635	out/prob_gyr_limit200_qkv_sweep_llada_alltiers_gpu1_gsm8k_limit200/progressive/gsm8k_cot/v13_progressive_qk_softmax_lsearly_mid_late_hrmax_symmax_th0p4
v13_radical_qk_softmax_lsearly_mid_late_hrmax_symmax_th0p4	radical	proxy_qk	qk_softmax	early_mid_late	max	max	0.4	0.32	0.24	0.0022	0.32	0.14	0.505	163.085	0.0030965447466045314	out/prob_gyr_limit200_qkv_sweep_llada_alltiers_gpu1_gsm8k_limit200/radical/gsm8k_cot/v13_radical_qk_softmax_lsearly_mid_late_hrmax_symmax_th0p4
v13_very_radical_qk_softmax_lsearly_mid_late_hrmax_symmax_th0p4	very_radical	proxy_qk	qk_softmax	early_mid_late	max	max	0.4	0.30	0.22	0.0025	0.3	0.12	0.48	146.375	0.003279248505550811	out/prob_gyr_limit200_qkv_sweep_llada_alltiers_gpu1_gsm8k_limit200/very_radical/gsm8k_cot/v13_very_radical_qk_softmax_lsearly_mid_late_hrmax_symmax_th0p4
v13_extremradical_qk_softmax_lsearly_mid_late_hrmax_symmax_th0p4	extremradical	proxy_qk	qk_softmax	early_mid_late	max	max	0.4	0.03	0.015	0.024	0.03	-0.085	0.355	27.0	0.013148148148148147	out/prob_gyr_limit200_qkv_sweep_llada_alltiers_gpu1_gsm8k_limit200/extremradical/gsm8k_cot/v13_extremradical_qk_softmax_lsearly_mid_late_hrmax_symmax_th0p4
v13_ultraradical_qk_softmax_lsearly_mid_late_hrmax_symmax_th0p4	ultraradical	proxy_qk	qk_softmax	early_mid_late	max	max	0.4	0.025	0.010	0.026	0.025	-0.09	0.305	26.0	0.01173076923076923	out/prob_gyr_limit200_qkv_sweep_llada_alltiers_gpu1_gsm8k_limit200/ultraradical/gsm8k_cot/v13_ultraradical_qk_softmax_lsearly_mid_late_hrmax_symmax_th0p4
v13_hyperradical_qk_softmax_lsearly_mid_late_hrmax_symmax_th0p4	hyperradical	proxy_qk	qk_softmax	early_mid_late	max	max	0.4	0.018	0.005	0.028	0.018	-0.095	0.34	25.0	0.013600000000000001	out/prob_gyr_limit200_qkv_sweep_llada_alltiers_gpu1_gsm8k_limit200/hyperradical/gsm8k_cot/v13_hyperradical_qk_softmax_lsearly_mid_late_hrmax_symmax_th0p4
v13_omegaradical_qk_softmax_lsearly_mid_late_hrmax_symmax_th0p4	omegaradical	proxy_qk	qk_softmax	early_mid_late	max	max	0.4	0.01	0.00	0.03	0.01	-0.1	0.29	23.0	0.012608695652173912	out/prob_gyr_limit200_qkv_sweep_llada_alltiers_gpu1_gsm8k_limit200/omegaradical/gsm8k_cot/v13_omegaradical_qk_softmax_lsearly_mid_late_hrmax_symmax_th0p4
